0,0,0,0,0
0.10000000000000001,0.34549053232169835,0.25298745778715287,0.19996753688466645,0.21055920367251696
0.20000000000000001,0.57356916562126448,0.45779035805359652,0.38323406817197331,0.39668323303179132
0.30000000000000004,0.71784137214327404,0.60413560918469023,0.52194949308654381,0.5351698450236142
0.40000000000000002,0.80840910798103915,0.7033888286396156,0.61906024699454865,0.63122109732302911
0.5,0.86552530398610394,0.76900981444649918,0.68444111831016463,0.69553914479890422
0.60000000000000009,0.90223947321284748,0.8121536913663826,0.72781539339995815,0.73808238638852119
0.70000000000000007,0.92667754970221894,0.84086173607107695,0.75671723501749533,0.7664008802911938
0.80000000000000004,0.94381701791343242,0.86059777383444669,0.77647624648683566,0.78577759403701819
0.90000000000000002,0.95662850251714093,0.87490638675978061,0.79064581026548142,0.79970649761911583
1,0.96684076576256661,0.88595814550258278,0.80144495255124959,0.81035347597784091
1.1000000000000001,0.97550202956000809,0.89507404985994998,0.81023466459244164,0.81904442421233059
1.2000000000000002,0.98312956793909523,0.90294112971029272,0.81773838212552596,0.82648098601205178
1.3,0.98999725291370233,0.90993456722515831,0.82435721457526145,0.83305133119265273
1.4000000000000001,0.99621532833565418,0.91622694808338623,0.83028329478537977,0.83893994565895258
1.5,1.0018870292195274,0.92195060430032638,0.83565813424800095,0.84428312223750135
1.6000000000000001,1.0069673363512748,0.92707101361753697,0.84045918568752209,0.84905530832050469
1.7000000000000002,1.0116247255300719,0.93174718087191466,0.84483728655186374,0.85340675253792753
1.8,1.0159026959300055,0.9360188171860121,0.84883104976083235,0.85737547192712837
1.9000000000000001,1.0198413841014986,0.93992317186439078,0.8524757137890181,0.86099716425118222
2,1.023481773432378,0.94350063366228143,0.85580934501007622,0.86431028382253905
2.1000000000000001,1.0263626573369198,0.94616163541917753,0.85801165536791713,0.8667622532317566
2.2000000000000002,1.0286672359223537,0.94815666339664029,0.85941912353547056,0.86858881502421936
2.3000000000000003,1.0308650578347216,0.95005275143996726,0.86077862349605871,0.87032206561892156
2.4000000000000004,1.0330470105964804,0.9519655324273486,0.86224851658940493,0.8720713394969577
2.5,1.0352906886611319,0.95396784492143372,0.86388990527489729,0.87390449887418964
2.6000000000000001,1.0375331753976849,0.95599397697102373,0.86562108415509731,0.87576071939302957
2.7000000000000002,1.0397491507684413,0.9580129119762677,0.86739275698500795,0.87761132643581263
2.8000000000000003,1.0419150686981404,0.95999698323797089,0.8691633546910067,0.87943070705797721
2.9000000000000004,1.0440101626563789,0.96192291269240493,0.87090017528511565,0.88119730243327765
3,1.0460191716017135,0.96377392135774786,0.87258032287027731,0.88289556420346083
3.1000000000000001,1.0479329492234299,0.96553985235182049,0.8741897035472681,0.88451606538828931
3.2000000000000002,1.0497473153395829,0.96721575784169356,0.87572081593219442,0.88605419000354979
3.3000000000000003,1.051461655504528,0.96880036683550441,0.87717068963054545,0.88750871541886611
3.4000000000000004,1.0530495421846939,0.97026858380785852,0.87851505964457388,0.88885634694293081
3.5000000000000004,1.054523713902767,0.97163224718098951,0.8797640739346092,0.89010833997269823
3.6000000000000001,1.0559477919045244,0.97294988081143463,0.88097142336501855,0.89131861771881882
3.7000000000000002,1.0572993050515866,0.9742000293446863,0.88211706265483292,0.89246697186877511
3.8000000000000003,1.0585705433915948,0.97537527783057021,0.88319398646197012,0.89354641775050647
3.9000000000000004,1.0597651549569,0.97647902330630398,0.88420524038570658,0.8945600861726849
4,1.0608862569585669,0.9775150732655038,0.88515447533458769,0.89551161368291055
4.1000000000000005,1.062514056966575,0.9794486877755012,0.88703577895237096,0.89785717688543565
4.2000000000000002,1.0646117024810944,0.98200378087917373,0.88954019347460478,0.90115930775421937
4.3000000000000007,1.0665660645454484,0.98432409467284798,0.89180207135091871,0.90414755122675472
4.4000000000000004,1.0681849344012289,0.98619340433419767,0.89361327368412313,0.90650766055011089
4.5,1.0694499059865463,0.98761548377798924,0.89498290060981689,0.90825663140029567
4.6000000000000005,1.0704113828737933,0.98866878034321826,0.89599129459429649,0.90951385705436516
4.7000000000000002,1.0711346680382514,0.98944173253738532,0.89672692874878845,0.91040726605122524
4.8000000000000007,1.0716790626345361,0.99001009262724982,0.89726475210228307,0.9110428079093098
4.9000000000000004,1.0720922323293309,0.99043230765221257,0.89766212044050508,0.91149969831324296
5,1.0724102971623422,0.99075118643132964,0.89796074658875435,0.91183415872805718
5.1000000000000005,1.0726464809869725,0.99098482792049358,0.89817880730096911,0.91207355081152675
5.2000000000000002,1.0728080117494738,0.99114342975404957,0.89832655130505767,0.91223385052808315
5.3000000000000007,1.0729129396382378,0.9912459689349381,0.89842195356500099,0.91233657709152705
5.4000000000000004,1.0729786102990371,0.99130994278557349,0.89848142578633838,0.91240028804707263
5.5,1.0730183888684586,0.99134861521680229,0.89851735630088281,0.91243865338829566
5.6000000000000005,1.073041645995668,0.99137120455053429,0.89853833571861952,0.91246102102398674
5.7000000000000002,1.0730545968544396,0.99138379006649813,0.89855002204144008,0.91247349144695111
5.8000000000000007,1.0730611352607895,0.99139016711080907,0.89855594557778762,0.9124798508449623
5.9000000000000004,1.0730625614812164,0.99139163968442534,0.89855732039236513,0.9124814560682033
6,1.0730615870875873,0.99139080164294824,0.8985565453399974,0.9124808081104846
6.1000000000000005,1.0736231933634153,0.99217959747156459,0.90029628212948121,0.91418072373996784
6.2000000000000002,1.0747837982596529,0.99355301897904769,0.90319513981655919,0.9170682954780367
6.3000000000000007,1.0759018204579822,0.99479619339744596,0.90578228401305139,0.91966572539474767
6.4000000000000004,1.0767663164838388,0.99573129021581452,0.90771649388955455,0.92161475959199168
6.5,1.0773848295809003,0.99638843132139443,0.90905618375056285,0.92296747337327245
6.6000000000000005,1.0778426460084147,0.99686411896923144,0.90997306623058272,0.92389389121313192
6.7000000000000002,1.0781086412835379,0.99714117032417782,0.91052968134778023,0.92445644789956338
6.8000000000000007,1.0782620393554203,0.99730133091276962,0.91086257914713531,0.92479296007163547
6.9000000000000004,1.078349989534916,0.99739335338549484,0.9110593437248049,0.92499189041160035
7.0000000000000009,1.0783998195745819,0.99744562457787844,0.9111742308341475,0.92510806000386647
7.1000000000000005,1.0784271742693263,0.99747447112149967,0.91124012561628032,0.92517470402560964
7.2000000000000002,1.0784408795149607,0.99748915104249014,0.91127659553667251,0.92521160308997286
7.3000000000000007,1.0784460413302956,0.99749502784067923,0.91129528203160459,0.92523052759011581
7.4000000000000004,1.0784475133921108,0.99749699098119771,0.91130471779372779,0.92524009686546449
7.5000000000000009,1.0784480188159562,0.99749779261160354,0.91130982069619793,0.92524527770563492
7.6000000000000005,1.0784484709418758,0.99749840146120672,0.9113128711417996,0.92524837556842698
7.7000000000000002,1.07844905091218,0.99749905029498176,0.91131488531884763,0.92525042018121384
7.8000000000000007,1.0784511334346867,0.99750106181703968,0.91131755668124437,0.92525311941371802
7.9000000000000004,1.0784374885539327,0.99748834383335772,0.91130619540102087,0.9252416652592298
8,1.0783792355825854,0.99743430941915501,0.91125609003754049,0.92519160431469472
8.0999999999999996,1.079124749897437,0.99855773338659992,0.91240628565158288,0.92682949984904461
8.2000000000000011,1.0804659850486575,1.0004132915039425,0.9142828789012708,0.92954475489172883
8.3000000000000007,1.0817040948244365,1.0020674544410701,0.91594408473366951,0.93196884429649351
8.4000000000000004,1.0826174103159267,1.0032784231689589,0.91715792605436963,0.93375811132175757
8.5,1.0832247374869421,1.0040861801392891,0.91796753633184591,0.93496489289510565
8.6000000000000014,1.0837122980934777,1.0046962094131027,0.91857232877259931,0.93583045947113486
8.7000000000000011,1.0840049458275094,1.0050657638826899,0.91893942702750209,0.93636191207436203
8.8000000000000007,1.0841774857080919,1.0052856206148897,0.91915822382029633,0.93668182806013023
8.9000000000000004,1.0842792393575058,1.0054159199450676,0.9192880327312335,0.93687275840849349
9,1.0843399113609213,1.0054935134667695,0.91936532759990064,0.93698650036135944
9.1000000000000014,1.0843769830401144,1.0055404424840109,0.91941199347740876,0.93705467295180989
9.2000000000000011,1.0844007046012536,1.0055697855828456,0.91944104659660564,0.93709631735582732
9.3000000000000007,1.0844166472706565,1.0055888562169568,0.91945980342607325,0.93712240417442028
9.4000000000000004,1.0844278029179877,1.005601702186933,0.91947233482591872,0.93713918814222197
9.5,1.0844362284668616,1.0056109858597868,0.9194812975864739,0.93715062128990911
9.6000000000000014,1.0844432648436109,1.0056183939595189,0.91948836624099461,0.93715913854140531
9.7000000000000011,1.084449694808935,1.005624909546994,0.9194945165933901,0.93716615763821121
9.8000000000000007,1.0844558959902553,1.0056310303469949,0.91950024696680943,0.93717243153238672
9.9000000000000004,1.0844619619234679,1.0056369261896665,0.9195057354232451,0.93717828333745046
10,1.0844677944783472,1.0056425484790465,0.91951094971533753,0.93718375953845601
10.100000000000001,1.0839454997021989,1.0048425236042249,0.91804992260126161,0.93612177034147181
10.200000000000001,1.0829525955508348,1.0034902203663678,0.9156366859100038,0.93434086420290507
10.300000000000001,1.0820216177134947,1.0022759696052108,0.91348508322731259,0.93274478971421837
10.4,1.0813094857014305,1.0013652878331005,0.91187657603597516,0.9315487444574343
10.5,1.080813942307574,1.0007386515368748,0.91077221260907548,0.93072633704064822
10.600000000000001,1.0804868207614777,1.0003282355122856,0.91005075350939557,0.93018831419573478
10.700000000000001,1.080218170000659,1.0000121721195916,0.90954291159950573,0.92979543610425752
10.800000000000001,1.0800646812477683,0.99982945558276348,0.90924121430768645,0.92956505878830364
10.9,1.0799836435958157,0.99973023676390294,0.90906917717681612,0.92943650201763028
11,1.0799396307086255,0.99967520392568954,0.90897039644393118,0.92936379956062565
11.100000000000001,1.0801906404472592,0.99991696371028571,0.90914044408361028,0.92957021178339039
11.200000000000001,1.0809806133449731,1.0007034997981221,0.90978196253576582,0.93027948796526816
11.300000000000001,1.0817727179812362,1.0014984521151797,0.9104391729177389,0.93100010215891904
11.4,1.0823919590956599,1.0021222010318398,0.91095723954652374,0.93156654995589661
11.5,1.0828264031778567,1.002560733029604,0.91132226288303997,0.93196514310965139
11.600000000000001,1.0831129628072487,1.0028504177347395,0.91156364354425046,0.93222856337305937
11.700000000000001,1.0832943607853134,1.0030340272821316,0.91171668370626657,0.93239555573321864
11.800000000000001,1.0834055105582931,1.0031466958923958,0.91181054234863568,0.93249801670840526
11.9,1.0834700854279939,1.0032124051550595,0.91186504410419467,0.9325577001513673
12,1.0835090859174414,1.0032520797576692,0.91189799507947489,0.93259375331366001
12.100000000000001,1.0841185118021295,1.0041345251756493,0.91283829031182973,0.93275379016046811
12.200000000000001,1.0850873140623198,1.005581926539491,0.9144172007995981,0.93300839149649439
12.300000000000001,1.0859768620029751,1.0069075402172298,0.91586619831412852,0.93326502005992396
12.4,1.0866665095452901,1.0079250802602508,0.91697715341234864,0.93348015149240082
12.5,1.0871149108724156,1.008601397608293,0.91772041149825168,0.93360653727355469
12.600000000000001,1.0873969615469061,1.0090333413363319,0.91819720964339824,0.93368009278855302
12.700000000000001,1.0875696530636556,1.0093011368746472,0.91849385251281224,0.93372204938040781
12.800000000000001,1.0876724451334281,1.009462809737613,0.91867361646940038,0.93374482973872863
12.9,1.0877305233209242,1.009556787066725,0.91877884371886986,0.93375503544468341
13,1.087763445620042,1.0096112404260351,0.91884013321024616,0.9337596243498486
13.100000000000001,1.0879157881393247,1.0097653131080833,0.9189654619546137,0.93387009527081699
13.200000000000001,1.088324279917861,1.0101428040327933,0.91924477997090204,0.93418873434665062
13.300000000000001,1.088712705528426,1.0104954825780876,0.91949633677564702,0.93449055670494119
13.4,1.0890454985418689,1.0107968923234245,0.91971510155058855,0.93475236878562584
13.5,1.089231421702912,1.0109631423602661,0.91982596007302153,0.93489441481460234
13.600000000000001,1.0893603592091503,1.011078879065008,0.91990413799470228,0.93499435344412252
13.700000000000001,1.0895075413056685,1.0112131815254233,0.92001004748093995,0.93511463985351606
13.800000000000001,1.0895823755805822,1.011280780057735,0.92006122194196405,0.93517439893225662
13.9,1.0896200608212105,1.0113144515361117,0.92008549123489358,0.93520370736120595
14.000000000000002,1.0896388544804445,1.0113310227279673,0.92009672182645241,0.93521785927126988
14.100000000000001,1.089683388504,1.0113478676666183,0.92065457097486936,0.93556551209414474
14.200000000000001,1.0897792802765762,1.0113509630725073,0.92153147058271623,0.93611417798718888
14.300000000000001,1.0899199003311169,1.011387166354643,0.922339283182533,0.93663550377403715
14.4,1.0901048176787544,1.0114822335264229,0.92300477328908292,0.93708905157641875
14.500000000000002,1.0902184220395943,1.0115321307098972,0.92344671353602248,0.93738569242149816
14.600000000000001,1.0902803189308876,1.0115521001845356,0.92372309002638042,0.93756728484072105
14.700000000000001,1.0903144511758873,1.0115596065709413,0.92389257612653675,0.93767698870772753
14.800000000000001,1.0903338709549917,1.011562513378419,0.92399529845667361,0.9377429025299574
14.9,1.0903456901260278,1.0115642443232773,0.92405737927040044,0.93778272723598943
15.000000000000002,1.0903535983166135,1.0115660413023599,0.92409510778206838,0.93780718961647858
15.100000000000001,1.0904792736298963,1.0117121716048123,0.92425551137393935,0.937957574168234
15.200000000000001,1.0908191482662706,1.0121415090953385,0.92467633927449877,0.93836828533006356
15.300000000000001,1.0911489616039087,1.0125738330336671,0.9250938028875858,0.93877842306759596
15.4,1.091403939195378,1.012913810370325,0.92542012455311795,0.93909994511985972
15.500000000000002,1.0915824493871182,1.01315392445868,0.92564984916964499,0.93932665443785723
15.600000000000001,1.0917007373352559,1.0133137407247921,0.92580243655525751,0.93947739789253004
15.700000000000001,1.0917765987235448,1.0134163562084209,0.92590026421171268,0.93957412249566841
15.800000000000001,1.0918243857336543,1.0134808438255303,0.92596166501856092,0.93963487840423943
15.9,1.0918543400836838,1.0135209745795251,0.92599982577636852,0.93967267314641456
16,1.0918732982145403,1.0135460073621967,0.92602359321872596,0.93969624233694493
16.100000000000001,1.0907176005293606,1.0118469769610643,0.92404349380549378,0.9372681175887807
16.199999999999999,1.0885779244730118,1.0089625819199131,0.92075281348934856,0.9331806969986961
16.300000000000001,1.0865819737698683,1.0063635648407725,0.91781301858438524,0.92950749440102876
16.400000000000002,1.085059113991192,1.0044116018959039,0.91561378710682106,0.92675185419193473
16.5,1.0840021431423648,1.0030685929793053,0.9141039811058338,0.92485706553482594
16.600000000000001,1.0833077528495956,1.0021911474052592,0.91311894794729864,0.92361961947252424
16.700000000000003,1.082867637188546,1.0016371281656427,0.91249761115553774,0.92283853217616285
16.800000000000001,1.082595630104271,1.0012956901600838,0.91211497070977143,0.9223572800566795
16.900000000000002,1.0824306185573971,1.0010890179202101,0.91188349916389633,0.92206605804524044
17,1.0823319207904669,1.0009656324759968,0.91174538358200941,0.92189225538682329
17.100000000000001,1.0825164077545155,1.0011656080288971,0.91191292987589379,0.92204062642584061
17.200000000000003,1.0831820920632826,1.0019249019191674,0.91260115490700588,0.92272031606575633
17.300000000000001,1.0838549974111378,1.0027030217300965,0.91331105194191864,0.9234264409265972
17.400000000000002,1.084382797870191,1.0033171587391476,0.91387258494853041,0.92398640709739277
17.5,1.084754220475197,1.0037508290161055,0.91426954796717119,0.92438277621764409
17.600000000000001,1.0850001354943959,1.0040386035892224,0.91453313944921122,0.9246461784726141
17.700000000000003,1.0851566495893517,1.0042220736079486,0.91470126544857211,0.92481426980249082
17.800000000000001,1.0852534981654194,1.0043357783573403,0.91480549274096978,0.92491851209847553
17.900000000000002,1.0853121320168186,1.0044047337796094,0.91486871437395134,0.92498175771558167
18,1.0853469760772148,1.0044458013346831,0.91490637278347542,0.92501943551805765
18.100000000000001,1.085874935577186,1.0048042526591083,0.91445849330851092,0.92548077842898169
18.200000000000003,1.0867168372358205,1.0054361265125382,0.91378114864265092,0.9263014453311037
18.300000000000001,1.0874531738315842,1.0060097054219668,0.91318684359791336,0.92704695589291297
18.400000000000002,1.0879987693719217,1.0064425542592657,0.91274601349111995,0.92760944220906483
18.5,1.0883717500438532,1.0067416434238692,0.91244523341402139,0.927997881173938
18.600000000000001,1.0886149415274577,1.0069380674514639,0.91225022256091792,0.92825271102407092
18.700000000000003,1.0887688038567274,1.0070630340406548,0.91212822271777327,0.92841453330121126
18.800000000000001,1.088864306029486,1.0071409882477071,0.91205403226693449,0.92851515620035263
18.900000000000002,1.0889229697118121,1.0071891253579752,0.91201007976369508,0.92857695795489892
19,1.0889589366759307,1.0072188285085355,0.911984783129558,0.92861475654276349
19.100000000000001,1.089226861998899,1.007482127810166,0.91221298133868634,0.92886832422755761
19.200000000000003,1.0899521932757754,1.00821147361535,0.91292177785476769,0.92956006847858508
19.300000000000001,1.0906682024768013,1.008936088461007,0.91363655513379749,0.93024654125925177
19.400000000000002,1.0912258443496559,1.0095018871206582,0.91419786152416926,0.93078235660121411
19.5,1.091617313859865,1.0098995994441955,0.91459357090633564,0.93115892000073042
19.600000000000001,1.0918765472905456,1.0101631616700728,0.9148562541115195,0.93140843618350833
19.700000000000003,1.0920419698438366,1.0103314170003235,0.91502412079937234,0.93156771038784292
19.800000000000001,1.0921449200307982,1.0104361490761957,0.91512866819084249,0.93166684486171925
19.900000000000002,1.0922078950090952,1.0105002131614969,0.91519262780857602,0.93172748119514481
20,1.0922459835827112,1.0105389498900601,0.91523128823664357,0.93176414293936161
20.100000000000001,1.0918658287184735,1.0101158491579574,0.91369274171297898,0.93122765260280849
20.200000000000003,1.0911313120378967,1.0093713958875594,0.91113205995514568,0.93030200985840417
20.300000000000001,1.0904421358300636,1.0086969620880943,0.90884276909668649,0.92946730411866885
20.400000000000002,1.0899150586084698,1.0081892415717042,0.90712928058821396,0.92884019094589954
20.5,1.0895487636878414,1.0078394532521957,0.90595258544806634,0.92840863230219917
20.600000000000001,1.089307929096889,1.0076107255074704,0.90518473796095222,0.92812663894900993
20.700000000000003,1.0891551987690526,1.007466215813116,0.90470034457834592,0.92794856976086948
20.800000000000001,1.0890607666066798,1.0073771095646979,0.90440202919104273,0.9278388170848425
20.900000000000002,1.0890034610130221,1.0073231473876618,0.90422157992850283,0.92777237785252364
21,1.0889691753741433,1.0072909134305863,0.90411393092202597,0.9277327082478235
21.100000000000001,1.0891269870082485,1.0074430821010432,0.90417742083570807,0.92786014066215639
21.200000000000003,1.0896375944196135,1.007933293914157,0.90451345044260834,0.92828952434514767
21.300000000000001,1.0901535557720501,1.0084278908837989,0.90486413990891179,0.92872454440555041
21.400000000000002,1.0905587351236843,1.0088160636102628,0.90514252595542888,0.92906644581562203
21.5,1.0908441301463976,1.0090894007614568,0.90533967762143508,0.92930737096599991
21.600000000000001,1.0910332440036825,1.0092704931032179,0.90547073481340434,0.92946705383497075
21.700000000000003,1.0911537173021697,1.0093858417535677,0.905554387962483,0.92956878827556511
21.800000000000001,1.0912283512702412,1.0094572938440292,0.90560627056233445,0.92963181235821135
21.900000000000002,1.0912736085871977,1.0095006177852102,0.90563774287421239,0.92967002333806292
22,1.0913005642902425,1.0095264195025668,0.90565647740860189,0.92969277346503931
22.100000000000001,1.0910941756360539,1.0092400789076976,0.90548876482220131,0.92920458363267533
22.200000000000003,1.0906970887592242,1.0087344795811612,0.9051957172188595,0.92836713558034667
22.300000000000001,1.0903252121223219,1.0082753200591779,0.90493195156173389,0.92761171748642079
22.400000000000002,1.0900408784388373,1.0079291062792373,0.90473388545467326,0.92704387946384714
22.5,1.0898430900903398,1.0076901670739007,0.9045974346832496,0.92665280484091461
22.600000000000001,1.0897127402579421,1.0075335338320628,0.90450801119701374,0.9263969372202977
22.700000000000003,1.0896297088330635,1.0074341815805681,0.90445122208676143,0.92623501801013297
22.800000000000001,1.0895779654977911,1.0073725162436091,0.9044158637221954,0.92613485328103484
22.900000000000002,1.0895461335857004,1.0073347547199907,0.90439407883761225,0.92607383630481643
23,1.0895266379049813,1.0073117683533599,0.90438067389713994,0.9260370098322922
23.100000000000001,1.0897377691851367,1.0075084077463075,0.90452372231957445,0.92619884426154242
23.200000000000003,1.0903857374015884,1.0081166623486342,0.9049634005024535,0.92672599411014778
23.300000000000001,1.0910371441090636,1.0087280373049301,0.90540396704670889,0.927258480132652
23.400000000000002,1.0915474858241634,1.009207047045666,0.90574855848705926,0.92767638901735627
23.5,1.0919063170453276,1.0095438719727621,0.90599058614122396,0.92797048833338713
23.600000000000001,1.0921436465528369,1.0097666554025186,0.90615050249270257,0.92816509168185124
23.700000000000003,1.0922944611846899,1.0099082275464244,0.9062520011880667,0.92828877391702425
23.800000000000001,1.0923875500784179,1.0099956092025253,0.90631454152414381,0.92836510503416758
23.900000000000002,1.0924436732386014,1.0100482876017296,0.9063521434121905,0.92841110152987372
24,1.0924767886248812,1.0100793657632641,0.90637422802517076,0.92843821217633815
24.100000000000001,1.0946668757841955,1.0129837664041943,0.91064978788153683,0.93211628323203355
24.200000000000003,1.0986344063829048,1.0179072594128948,0.91774394148095606,0.93830624006726027
24.300000000000001,1.1022935860853005,1.0223316447100592,0.92407412234086772,0.94385889027009573
24.400000000000002,1.1050728179227416,1.0256520486961791,0.92880888482797697,0.94802243683621679
24.5,1.1069981699377216,1.0279367930707526,0.93206013793627807,0.95088560007979672
24.600000000000001,1.1082625310839804,1.0294305365846133,0.93418249938578701,0.95275647774592709
24.700000000000003,1.1090643098062416,1.0303747342213359,0.93552229047221058,0.9539384038191443
24.800000000000001,1.1095601005011977,1.0309571893735834,0.93634791290572783,0.95466716440411614
24.900000000000002,1.1098603322369827,1.0313093884926934,0.93684701465846631,0.95510784161682949
25,1.1100074244362825,1.0314893199433097,0.93711668700922113,0.95534249236992475
25.100000000000001,1.1099177576555397,1.0314558119153607,0.93716978878313362,0.95535700374208843
25.200000000000003,1.1095250068577946,1.0311910908774071,0.93703409756063072,0.95515141687723781
25.300000000000001,1.1091103138083911,1.0309073609089741,0.93686927515397067,0.954918701535582
25.400000000000002,1.108777251213769,1.030678183444464,0.93673062375083149,0.95472727086361786
25.5,1.108537941090268,1.0305125754450908,0.93662790967863285,0.95458753236657667
25.600000000000001,1.1083742086818107,1.030398096775454,0.93655498825830219,0.95449009918688621
25.700000000000003,1.1082679744109332,1.0303234178540608,0.93650672373035637,0.95442622397573651
25.800000000000001,1.108203685871805,1.0302786364920391,0.93647813652043932,0.95438797354735949
25.900000000000002,1.1081647379853321,1.0302515563381791,0.9364608583015539,0.95436482120053845
26,1.1081851728469574,1.0302762308427329,0.93648842312485714,0.95438915164376714
26.100000000000001,1.1077932542717512,1.0299551454591573,0.93570722721636923,0.95377336146934433
26.200000000000003,1.1070561627973523,1.0293591149529395,0.93436906783468932,0.95269122242883042
26.300000000000001,1.1063740274624567,1.0288135639654652,0.93316732551959469,0.95171160773531149
26.400000000000002,1.1058557673118425,1.0284011215841784,0.9322662708762115,0.95097442439628532
26.5,1.1054968593575263,1.0281162503256596,0.93164684769128803,0.95046660887949463
26.600000000000001,1.1052611852048091,1.0279294675439956,0.93124218647146628,0.95013438866513689
26.700000000000003,1.1051114638909016,1.0278108650047371,0.93098635637906058,0.94992408502237891
26.800000000000001,1.1050181740662659,1.027736899598972,0.93082802306319801,0.94979370701238053
26.900000000000002,1.1049612075434803,1.0276916957222451,0.93073185677127446,0.94971441292493419
27,1.1049249133100747,1.0276625641029637,0.93067251369389004,0.94966508773819702
27.100000000000001,1.1048710829389417,1.0276158274333906,0.93061272903431491,0.94960900388688363
27.200000000000003,1.1047669007720371,1.0275250981020743,0.93052870872315319,0.94951878719931015
27.300000000000001,1.104667438397807,1.0274392352787611,0.93045590110432908,0.949436579988994
27.400000000000002,1.1045911266004318,1.0273735818150478,0.93040240859988943,0.94937469514729766
27.5,1.1045382011055234,1.0273281369424252,0.93036622323656704,0.94933222218580415
27.600000000000001,1.1045036204215595,1.027298493499897,0.93034298743512056,0.94930466714752149
27.700000000000003,1.1044819383529096,1.0272799416039395,0.93032862679370099,0.94928748876873514
27.800000000000001,1.1044687758948128,1.0272687068879258,0.9303200309431916,0.94927711748637456
27.900000000000002,1.1044610074631123,1.0272620985309555,0.93031503810492644,0.94927103329475726
28.000000000000004,1.1044565407112057,1.0272583166501663,0.93031222408577285,0.9492675605816745
28.100000000000001,1.106487578950057,1.0299249119944076,0.93512818566628253,0.95287968845890814
28.200000000000003,1.1102378132155555,1.0344389572803037,0.94306023613286361,0.95893268395073195
28.300000000000001,1.1137608315617389,1.0385354393907889,0.95016695909222793,0.96439616657764593
28.400000000000002,1.1164233770074212,1.0415904909409159,0.95546178490802591,0.9684732086559259
28.500000000000004,1.1182278397587133,1.0436526237290713,0.95905880149697709,0.971238676947205
28.600000000000001,1.1194605258668355,1.0450445744845573,0.96144716643007477,0.97308658870809794
28.700000000000003,1.1202320567016586,1.0459142118531419,0.96294497223732756,0.97424410733309408
28.800000000000001,1.1207055062486793,1.0464469571643267,0.96386432788677301,0.97495418653458177
28.900000000000002,1.1209929495064717,1.0467696445871815,0.96442063235788189,0.97538405116398097
29.000000000000004,1.1211669252438912,1.0469642446415419,0.96475434428590656,0.97564242822517278
29.100000000000001,1.1210710257508187,1.0468855253904754,0.96474671805830592,0.97560874044889601
29.200000000000003,1.1205520374007243,1.0463832008016174,0.9642542873885066,0.97514831667804369
29.300000000000001,1.12001103254878,1.0458549413308751,0.96371245299021879,0.97465189120595519
29.400000000000002,1.1195830205464894,1.0454359723527056,0.96327582797952827,0.97425483223608333
29.500000000000004,1.1192819386686543,1.0451408914473086,0.96296564016709341,0.97397398365861221
29.600000000000001,1.1190839952044918,1.0449467199239642,0.96276027497795891,0.97378868677132313
29.700000000000003,1.1189596215224715,1.0448246037206042,0.96263044737739711,0.97367192847112738
29.800000000000001,1.1188837190438243,1.0447500121088338,0.9625507879023385,0.97360050326680181
29.900000000000002,1.1188376367706219,1.0447047131073088,0.96250230473854348,0.97355708479049785
30.000000000000004,1.1187442996229999,1.0446161519089889,0.96241552808196407,0.97347344332161168
30.100000000000001,1.115602084139121,1.0400060912886109,0.95336912823588593,0.96744863544549042
30.200000000000003,1.1097731260356851,1.0323045346477633,0.9384822397642324,0.95742037346728925
30.300000000000001,1.1042988304819166,1.0253711396674026,0.92518550042204684,0.94841336286502387
30.400000000000002,1.1000967602108511,1.020154085056461,0.91522699317018874,0.94164697645880946
30.500000000000004,1.0971711087221612,1.0165612917795313,0.90838628356765849,0.93699123390486017
30.600000000000001,1.0952457846095587,1.0142130366338631,0.90392199646279847,0.93394976868401847
30.700000000000003,1.0940245329756153,1.0127303836171957,0.90110593876544542,0.93202998094905221
30.800000000000001,1.0932697935789035,1.0118170849259658,0.89937214113842467,0.93084754358690225
30.900000000000002,1.0928124055505497,1.0112648960109039,0.898323971694311,0.9301325834076043
31.000000000000004,1.0925394861128039,1.0109359361298025,0.89769930908064954,0.92970653179498408
31.100000000000001,1.0925919815073513,1.0109117228285049,0.8974642458607881,0.92960680097005588
31.200000000000003,1.0931302646580896,1.011295439826877,0.89764044576186741,0.92990486939105577
31.300000000000001,1.0937124225378627,1.0117264818440255,0.89790646561519294,0.93026453374017093
31.400000000000002,1.0941808816189942,1.012077316543867,0.89814021915297404,0.93056357176200188
31.500000000000004,1.0945151958861172,1.0123291009475193,0.89831403434700974,0.93078039645992172
31.600000000000001,1.0947386842617148,1.0124980000233383,0.89843305570597476,0.93092672959398692
31.700000000000003,1.0948820670222383,1.0126066213978471,0.8985106433995792,0.93102121901412616
31.800000000000001,1.0949714876639909,1.0126744865243089,0.89855958897072785,0.93108042573665639
31.900000000000002,1.0950260977591415,1.0127159904361271,0.89858973828938116,0.93111671302198951
32,1.0950588929395253,1.0127409376246084,0.89860795687453809,0.93113855996243289
32.100000000000001,1.0935205152160687,1.0108290128506354,0.89499878411327616,0.92832249721848104
32.200000000000003,1.0906381601679049,1.007528265824968,0.88897401392133302,0.92353522898564655
32.300000000000004,1.0879495998038975,1.0045446309678034,0.88358585580647486,0.91922524321836385
32.399999999999999,1.0858971443381431,1.0022993089771286,0.87955155907516192,0.91598801769145266
32.5,1.0844708879181899,1.0007514939938187,0.87677951894748352,0.91375945242076873
32.600000000000001,1.0835318219828549,0.99973770397286887,0.87496882191952097,0.91230171871203214
32.700000000000003,1.0829343841308434,0.99909520925470308,0.87382461665071709,0.91137938946311847
32.800000000000004,1.0825629071705614,0.99869699514560106,0.87311802680920603,0.91080903690800075
32.899999999999999,1.0823354788077499,0.99845392379662201,0.87268882775268519,0.91046201699077023
33,1.0821976766548431,0.99830708972100868,0.87243125152854162,0.91025332375120616
33.100000000000001,1.0825833997147083,0.99864590749342708,0.87267558177840898,0.91052343152809256
33.200000000000003,1.0839069655229021,0.99984088337951393,0.87375436787023086,0.91160636172628084
33.300000000000004,1.0852519912831891,1.0010536480945877,0.87486985587425159,0.91271716330345187
33.400000000000006,1.0863102275941061,1.002006647811245,0.87575239115545733,0.91359335357191684
33.5,1.0870113295273696,1.002636204696806,0.87633879516533275,0.91417329711568451
33.600000000000001,1.0874705215245046,1.0030488746931323,0.87672400219347391,0.91455436594438511
33.700000000000003,1.0878424080030711,1.0033856379911181,0.8770359449996008,0.91486558881316482
33.800000000000004,1.0880660819712846,1.0035874577799999,0.87722338522538512,0.91505190148110271
33.900000000000006,1.0881936067729565,1.0037020842959998,0.87733025593543079,0.91515761393537765
34,1.0882660752622946,1.0037670289994829,0.87739100241698775,0.91521746135496429
34.100000000000001,1.088299089237786,1.003921639390488,0.87695201268799305,0.91526460775199137
34.200000000000003,1.0882813424798483,1.004119892286387,0.87618298200779254,0.91529160621330585
34.300000000000004,1.0882994603727305,1.0043324536746281,0.87552961096775672,0.91534857614291321
34.400000000000006,1.0882969456452796,1.0044777351719469,0.87502906631881283,0.91537844556023518
34.5,1.0882901301504595,1.0045732197530817,0.8746818407104765,0.91539500156159848
34.600000000000001,1.0882847854381965,1.0046348833830892,0.87445483512817057,0.91540521071302294
34.700000000000003,1.088284063502055,1.0046763466374067,0.87431400756894362,0.91541401881189843
34.800000000000004,1.0882840972505874,1.0047023508002331,0.87422776899171084,0.91541987246456358
34.900000000000006,1.0882842973682578,1.0047182709002096,0.87417580546641105,0.9154235901384753
35,1.0882851192984646,1.00472843279928,0.87414542442435728,0.91542642386269713
35.100000000000001,1.0885835709557496,1.0049837208746022,0.87435846842473841,0.91565864956622622
35.200000000000003,1.0894033932410956,1.0056615456724669,0.87497388813662591,0.91628509031555228
35.300000000000004,1.090264933284709,1.0063725401252319,0.87562342683881167,0.91694363731991391
35.400000000000006,1.0909558504291932,1.0069424161381304,0.87614493332888266,0.9174718591949288
35.5,1.0914450730555667,1.0073454771734602,0.87651412495570247,0.91784560494633116
35.600000000000001,1.0917755820471264,1.00761816922742,0.87676394599627883,0.9180985088653616
35.700000000000003,1.0920050312111642,1.0078093835095046,0.87693878218600807,0.91827578164374213
35.800000000000004,1.092197052370345,1.0079737456712459,0.87708830750092603,0.91842762620020202
35.900000000000006,1.0922963646711157,1.0080569627586058,0.87716442500558278,0.91850415884776326
36,1.0923492696672015,1.0081005115950541,0.87720448681802377,0.91854402583700401
36.100000000000001,1.0922675629118297,1.0079138531166518,0.87963221916931167,0.9193737305080425
36.200000000000003,1.0923708161403884,1.0076514154409419,0.88365050286800306,0.92079933818108972
36.300000000000004,1.0925460010040842,1.007422812966636,0.88723051884729365,0.92208084836877857
36.400000000000006,1.092705689792852,1.0072528172378112,0.88990505659262098,0.92304161068575918
36.5,1.0928253221588404,1.007135440264892,0.89173881698480073,0.92370099424180929
36.600000000000001,1.0929061473567812,1.0070572639801301,0.89293300688128141,0.92412986478754622
36.700000000000003,1.0929568220987096,1.0070058198502922,0.89368397634254748,0.92439844977078489
36.800000000000004,1.0929863823458268,1.0069717556414459,0.89414407884120184,0.9245616340495677
36.900000000000006,1.0930021239742973,1.0069487511796265,0.89442008890584779,0.92465809325903825
37,1.0930093523990863,1.006932811067011,0.89458264902502826,0.9247135529148085
37.100000000000001,1.0933312201194749,1.0072513749575147,0.89497582084924765,0.92504881628479441
37.200000000000003,1.094250057803031,1.0082108755133539,0.89590370794891805,0.9259596693256279
37.300000000000004,1.095158461802255,1.0091736450129687,0.89680573616858072,0.92686327563375603
37.400000000000006,1.095864570125592,1.0099273060846017,0.89750326273243552,0.92756763543387122
37.5,1.0963585563794578,1.0104567254880086,0.89799009900224058,0.92806133360821763
37.600000000000001,1.096684143128986,1.0108066334803354,0.89831058222683757,0.92838719281332227
37.700000000000003,1.0968305733104244,1.0109734523838587,0.89846312726193278,0.92854267823209868
37.800000000000004,1.0969653108133572,1.0111186844544633,0.8985952871262094,0.92867823070750999
37.900000000000006,1.0970878986934374,1.0112444844989577,0.89870965836067274,0.92879526633723686
38,1.0971500558388978,1.0113090564301572,0.89876836534978954,0.92885512594418029
38.100000000000001,1.0973365772977157,1.0116409876124166,0.89893024111095865,0.92912377442842842
38.200000000000003,1.0976296811795296,1.0121623108330324,0.89917132486149909,0.92954262382041053
38.300000000000004,1.0978252903515877,1.0125621537842613,0.89932594486198059,0.92985568942245667
38.400000000000006,1.0980712682178948,1.0129529613284456,0.89952455942961718,0.93017524778950378
38.5,1.0982238104616842,1.013204936205006,0.89964595092018562,0.93037920414920083
38.600000000000001,1.0983170385420076,1.0133630560077391,0.89971942019484574,0.9305063352714591
38.700000000000003,1.0983727772089715,1.013459753555328,0.89976299264809823,0.93058365588008973
38.800000000000004,1.0984056500647927,1.0135178623488152,0.89978851589957809,0.93062991326471456
38.900000000000006,1.0984271228919247,1.013554457578725,0.89980527709826408,0.93065922988113059
39,1.0984416332283935,1.013577848190373,0.89981672101727672,0.93067816336857101
39.100000000000001,1.0986553381908746,1.0137430187238896,0.89994582211430352,0.93082498336901665
39.200000000000003,1.0992606398551461,1.014194346138803,0.90030972815226706,0.93122997705697796
39.300000000000004,1.0998643193794464,1.0146416223526291,0.90067137838727229,0.93163182556192725
39.400000000000006,1.100335910598669,1.0149900105424106,0.90095328473484526,0.93194495248770548
39.5,1.1006525940592702,1.015220720388299,0.90113868326104229,0.93215194105968424
39.600000000000001,1.100814063826032,1.0153289230071796,0.90122083132192199,0.9322479562618613
39.700000000000003,1.1009388008562087,1.0154185526053365,0.90129185032062809,0.93232871177471222
39.800000000000004,1.101024122946018,1.015481645359315,0.90134262046505087,0.93238592416349431
39.900000000000006,1.1010830303150243,1.0155266056076206,0.90137945076643855,0.93242691717063342
40,1.1011227893024413,1.0155577417540325,0.90140532035835486,0.93245541856072756
40.100000000000001,1.1021737009126242,1.0162523807950685,0.90331121709627349,0.93389920792221859
40.200000000000003,1.1040042438617512,1.0174742630704925,0.90651700156067239,0.93637629051632232
40.300000000000004,1.1056782799016427,1.0185889355513857,0.90939124945584149,0.93861473581228161
40.400000000000006,1.1070100576180162,1.0194919608582078,0.91160119434361919,0.94035512719834491
40.5,1.1079018061560595,1.0200888265223194,0.9130958713286671,0.94152856142216101
40.600000000000001,1.1084587004713491,1.0204542453169252,0.91404850472180621,0.94227179314871512
40.700000000000003,1.1088088849868714,1.020683515942385,0.91464799424795051,0.94273956156754524
40.800000000000004,1.109027014137884,1.0208269771369622,0.91501907891651424,0.94302981708641309
40.900000000000006,1.1091602352778267,1.0209148525800582,0.91524447362910111,0.94320640784935927
41,1.10924324796032,1.0209705810425256,0.91538191107488653,0.94331485826513528
41.100000000000001,1.1093215597832016,1.0210314092778123,0.9154925056713541,0.94340570369814769
41.200000000000003,1.1094693306952195,1.021164621478484,0.9156566553894524,0.94355198718454669
41.300000000000004,1.1096048534043519,1.0212901777109158,0.91580164153813404,0.94368305081886528
41.400000000000006,1.1097084451729702,1.0213872158790935,0.91591054994245247,0.94378218385282253
41.5,1.1097807041235714,1.021455291900309,0.91598573976643227,0.94385090639535485
41.600000000000001,1.1098143505518807,1.0214873299280258,0.91602305949605833,0.94388390574870551
41.700000000000003,1.1098483632862717,1.0215195272601281,0.91605742722856742,0.94391580367319383
41.800000000000004,1.1098700937439545,1.0215401030890949,0.91607920798113096,0.94393608026582787
41.900000000000006,1.1098714188476586,1.0215415508481704,0.91608227462783032,0.94393804947241544
42,1.1098824978697737,1.0215520545557291,0.9160928970918979,0.94394823405212169
42.100000000000001,1.1107291882441157,1.0231077324309812,0.91862293358097058,0.94571274984973797
42.200000000000003,1.1124499106067269,1.0258173118652822,0.92289790469482835,0.94876203588545849
42.300000000000004,1.1140881398431537,1.0282674429119061,0.92672999050463833,0.9515135286485138
42.400000000000006,1.1153485367254525,1.0301097828754315,0.9296008036815554,0.9535806924762964
42.5,1.1162269602369435,1.0313778465292547,0.9315729119772973,0.95500288395332822
42.600000000000001,1.1168051803806793,1.0322061761907877,0.93285975290434797,0.9559316964135397
42.700000000000003,1.1171717782598638,1.0327287562659988,0.93367120244406665,0.95651764315529741
42.800000000000004,1.1173980062934183,1.0330502497732799,0.93417044172847263,0.95687816926238289
42.900000000000006,1.1175347003873422,1.0332442154745454,0.93447186794039006,0.95709576708290311
43,1.1176158781151999,1.0333594020882588,0.93465114571147068,0.95722507632935083
43.100000000000001,1.1175149268623592,1.0332828671583758,0.93463980465282848,0.9571711009228564
43.200000000000003,1.1171100184760505,1.032901618163854,0.93435929738177603,0.95683519956666485
43.300000000000004,1.1166939454521061,1.032503958803493,0.93405324561251357,0.95648067879146104
43.400000000000006,1.1163648552323466,1.0321877515703857,0.93380620572814788,0.95619762897911198
43.5,1.1161317086032752,1.0319631266375129,0.93362934533094832,0.95599613085991231
43.600000000000001,1.1159761516134163,1.0318130205037135,0.93351055094088198,0.95586129025618349
43.700000000000003,1.1158761069853187,1.0317163907025715,0.9334337663845681,0.95577439050380297
43.800000000000004,1.1158132388006357,1.0316556370007857,0.93338530467651015,0.95571969658289235
43.900000000000006,1.1157742211415331,1.0316179272126493,0.93335509223143465,0.95568570713401779
44,1.115750051610062,1.0315945768775003,0.93333627252162255,0.95566462595004131
44.100000000000001,1.1161414459356362,1.0323517742044077,0.93367837627060957,0.95627542930377563
44.200000000000003,1.1168350011111992,1.0336291075859962,0.93425682170739333,0.95730425889043469
44.300000000000004,1.1174742492438465,1.0347800683812529,0.93477933067356189,0.95823143823924706
44.400000000000006,1.117956543495946,1.0356418066831299,0.93516964807992065,0.95892531015432769
44.5,1.1182910201057137,1.0362353466364329,0.93543893067662454,0.95940333014885826
44.600000000000001,1.1185111395233285,1.0366238502689762,0.93561559949889106,0.95971632386834493
44.700000000000003,1.1186517777682581,1.0368703592318678,0.93572830562554332,0.95991508615645837
44.800000000000004,1.1187397112991235,1.0370233004989049,0.93579873910371147,0.96003854392174792
44.900000000000006,1.1187931247498797,1.0371159651302793,0.93584147860246336,0.96011336182635543
45,1.118825376595614,1.0371715788756157,0.93586728571337885,0.96015830824745496
45.100000000000001,1.1187068119380588,1.0370749906584309,0.93573586391230279,0.96005806284492878
45.200000000000003,1.1182458660606782,1.0366349032038986,0.93523759114445559,0.95962568114917457
45.300000000000004,1.1177547849979459,1.036155698433209,0.93470504506561036,0.95915724867345054
45.400000000000006,1.11736261841227,1.0357697816151721,0.93427864253797011,0.95878060759069539
45.5,1.1170840694702691,1.0354944817811864,0.93397531402722778,0.95851213359573439
45.600000000000001,1.1168984090130551,1.0353105112750698,0.93377296430384416,0.95833281083147193
45.700000000000003,1.1167793283797112,1.0351923247891295,0.93364316216033216,0.95821765658387781
45.800000000000004,1.1167046247626489,1.0351181232519286,0.93356183097604462,0.95814539664853327
45.900000000000006,1.1166580602299265,1.0350718842908881,0.93351134257306545,0.95810041085268449
46,1.1166299838123916,1.0350439842713681,0.93348091344842654,0.95807327307155254
46.100000000000001,1.1162685661831218,1.0345554962187362,0.93320288973515242,0.95766555940787512
46.200000000000003,1.115675980259871,1.0337525608437805,0.93274965788521413,0.9569956927103308
46.300000000000004,1.1151472508974634,1.0330358219330655,0.9323465674584972,0.95639796796844057
46.400000000000006,1.1147519329797067,1.0324997566873719,0.93204565268048245,0.95595101169085495
46.5,1.1144807840934945,1.0321319307739905,0.93183945120036082,0.95564438180188704
46.600000000000001,1.1143041423661961,1.0318921854134542,0.93170521920334148,0.95544456119280974
46.700000000000003,1.1141929887788808,1.0317412085959563,0.93162081242468398,0.9553187578866037
46.800000000000004,1.1141248016857603,1.0316484828202594,0.93156907564507085,0.95524152094009196
46.900000000000006,1.1140838076555661,1.0315926334453245,0.93153800574788204,0.95519502620881014
47,1.114059584984489,1.0315595379879217,0.93151967629444565,0.95516749745159113
47.100000000000001,1.1139287019845832,1.0314300156808092,0.93139146058721811,0.95504515781597688
47.200000000000003,1.1135900501797584,1.0310944974855403,0.9310368916203261,0.95472226874132904
47.300000000000004,1.1132606857468903,1.0307631761989597,0.93068317898886554,0.95440255452824929
47.400000000000006,1.1130060255322665,1.0305051143272572,0.93040658243341456,0.9541532764298416
47.5,1.1127507544008535,1.030252199558207,0.93014583625665614,0.95391130170831218
47.600000000000001,1.1126074892222229,1.0301093496358378,0.92999555787065602,0.9537746010498267
47.700000000000003,1.1125517132977802,1.0300516127540733,0.92993033877897424,0.9537188206145909
47.800000000000004,1.1125198195721218,1.0300182771535882,0.92989211311605513,0.9536865518429215
47.900000000000006,1.1125044544855878,1.0300018027908302,0.92987234190620949,0.95367051290116367
48,1.1124925725977974,1.0299893521578152,0.92985811848353039,0.95365845730835985
48.100000000000001,1.1111641019912131,1.0278880217137034,0.92667932231412908,0.95037598057310568
48.200000000000003,1.1085155355517711,1.0242505414821441,0.92136769098125626,0.94479715766057693
48.300000000000004,1.1059967513580109,1.020959737959062,0.91661799697342228,0.939774006444279
48.400000000000006,1.1040591161853464,1.0184841071984483,0.91306341603497099,0.93600260786674672
48.5,1.1027082713050234,1.0167792662758419,0.91062265156658551,0.93340825512434789
48.600000000000001,1.1018183648967839,1.0156647983515903,0.90903005869352471,0.93171348786510422
48.700000000000003,1.1012532739525263,1.0149608603805884,0.90802542565688893,0.93064355041111135
48.800000000000004,1.1009035593116998,1.0145269149254144,0.9074067255805629,0.92998425435761067
